epoch,binary_accuracy,loss,lr,val_binary_accuracy,val_loss
0,0.16892226979565997,0.55256197590988576,1.0,0.064751582516858738,0.51545842799047625
