epoch,binary_accuracy,loss,lr,val_binary_accuracy,val_loss
0,0.18327063781957451,0.57327977816263831,1.0,0.065554897407006749,0.57062731186548865
1,0.18439711733746197,0.47110277794777078,1.0,0.065725790894066452,0.47269383867581688
2,0.18509081775280734,0.44833986514003565,1.0,0.065636802545971776,0.4711088021596273
3,0.18558546811018201,0.43789863607562179,1.0,0.06616760403085209,0.49314507544040681
4,0.18618510581598083,0.42877012047361818,1.0,0.066188891470786382,0.47552072803179424
5,0.18630544129827292,0.41930717314388732,1.0,0.066253240058843713,0.49709600806236265
6,0.18631466264773508,0.41341853733603834,1.0,0.065957044571890347,0.49093483885129291
