epoch,loss,lr,val_loss
0,0.45943247129519782,1.0,0.044525451958179474
1,0.13794877392550309,1.0,0.019520431384444238
