epoch,binary_accuracy,loss,lr,val_binary_accuracy,val_loss
0,0.15670550366242728,0.69979928334554031,1.0,0.27448152254025143,0.67843885421752925
1,0.30827091981967292,0.59464130600293474,1.0,0.27332088500261309,0.62889445622762041
2,0.33220098316669466,0.55239018599192302,1.0,0.2675729036331177,0.59780887365341184
3,0.33403774251540502,0.47969500223795575,1.0,0.27757951666911446,0.55145467917124436
4,0.33639389326175057,0.46136837601661684,1.0,0.28204699009656908,0.50569430987040198
