epoch,binary_accuracy,loss,lr,val_binary_accuracy,val_loss
0,0.3326287637154261,0.81472912629445393,1.0,0.20992444505294164,0.67899775902430215
1,0.31643617649873096,0.58621207078297932,1.0,0.26040283540884651,0.64173131783803306
