epoch,binary_accuracy,loss,lr,val_binary_accuracy,val_loss
0,0.17866606686984984,0.59930677785941044,1.0,0.059096426048199646,0.59126147826512654
